Workbook

Sheet Raw
A1: record_id | B1: month | C1: route_id | D1: hub | E1: promised_days | F1: actual_days | H1: Source data rows (incl. duplicate) | I1: =COUNTA(A2:A14) -> 13
A2: 1 | B2: Jan | C2: R1 | D2: Mumbai | E2: 2 | F2: 2 | H2: Exact duplicate rows | I2: =SUMPRODUCT(--(COUNTIFS(A2:A14,A2:A14,B2:B14,B2:B14,C2:C14,C2:C14,D2:D14,D2:D14,E2:E14,E2:E14,F2:F14,F2:F14)>1))/2 -> 1
A3: 2 | B3: Jan | C3: R2 | D3: Chennai | E3: 3 | F3: 4 | H3: Original values preserved unchanged. The shaded row 14 is the intentional duplicate of record_id 12; it is removed on the Clean sheet only.
A4: 3 | B4: Jan | C4: R3 | D4: Delhi | E4: 5 | F4: 8
A5: 4 | B5: Jan | C5: R4 | D5: Mumbai | E5: 6 | F5: 10
A6: 5 | B6: Feb | C6: R1 | D6: Chennai | E6: 2 | F6: 5
A7: 6 | B7: Feb | C7: R2 | D7: Delhi | E7: 3 | F7: 3
A8: 7 | B8: Feb | C8: R3 | D8: Delhi | E8: 5 | F8: 10
A9: 8 | B9: Feb | C9: R4 | D9: Chennai | E9: 6 | F9: 7
A10: 9 | B10: Mar | C10: R1 | D10: Delhi | E10: 2 | F10: 8
A11: 10 | B11: Mar | C11: R2 | D11: Mumbai | E11: 3 | F11: 5
A12: 11 | B12: Mar | C12: R3 | D12: Chennai | E12: 5 | F12: 5
A13: 12 | B13: Mar | C13: R4 | D13: Mumbai | E13: 6 | F13: 15
A14: 12 | B14: Mar | C14: R4 | D14: Mumbai | E14: 6 | F14: 15

Sheet Lookup
A1: route_id | B1: route | C1: service_type | E1: route_id (red header, yellow cells) is the unique lookup key.
A2: R1 | B2: Metro Link | C2: Express | E2: One route -> many delivery records (one-to-many).
A3: R2 | B3: City Dash | C3: Express | E3: Route names and service types are exactly as supplied in routes.csv.
A4: R3 | B4: Highway Freight | C4: Standard | E4: Route rows | F4: =COUNTA(A2:A5) -> 4
A5: R4 | B5: Rural Feeder | C5: Standard

Sheet Clean
A1: record_id | B1: month | C1: route_id | D1: hub | E1: promised_days | F1: actual_days | G1: service_type | H1: delay_days | I1: is_delayed | K1: Rows before cleaning (Raw) | L1: =COUNTA(Raw!A2:A14) -> 13
A2: 1 | B2: Jan | C2: R1 | D2: Mumbai | E2: 2 | F2: 2 | G2: =IFERROR(INDEX(Lookup!$C$2:$C$5,MATCH(C2,Lookup!$A$2:$A$5,0)),"NOT FOUND") -> Express | H2: =MAX(F2-E2,0) -> 0 | I2: =IF(F2>E2,1,0) -> 0 | K2: Rows after cleaning (Clean) | L2: =COUNTA(A2:A13) -> 12
A3: 2 | B3: Jan | C3: R2 | D3: Chennai | E3: 3 | F3: 4 | G3: =IFERROR(INDEX(Lookup!$C$2:$C$5,MATCH(C3,Lookup!$A$2:$A$5,0)),"NOT FOUND") -> Express | H3: =MAX(F3-E3,0) -> 1 | I3: =IF(F3>E3,1,0) -> 1 | K3: Duplicates removed | L3: =L1-L2 -> 1
A4: 3 | B4: Jan | C4: R3 | D4: Delhi | E4: 5 | F4: 8 | G4: =IFERROR(INDEX(Lookup!$C$2:$C$5,MATCH(C4,Lookup!$A$2:$A$5,0)),"NOT FOUND") -> Standard | H4: =MAX(F4-E4,0) -> 3 | I4: =IF(F4>E4,1,0) -> 1 | K4: Row-count check (13 -> 12) | L4: =IF(AND(L1=13,L2=12,L3=1),"OK","CHECK") -> OK
A5: 4 | B5: Jan | C5: R4 | D5: Mumbai | E5: 6 | F5: 10 | G5: =IFERROR(INDEX(Lookup!$C$2:$C$5,MATCH(C5,Lookup!$A$2:$A$5,0)),"NOT FOUND") -> Standard | H5: =MAX(F5-E5,0) -> 4 | I5: =IF(F5>E5,1,0) -> 1 | K5: Formula errors in service_type | L5: =IF(COUNTIF(G2:G13,"NOT FOUND")=0,"OK (none)","UNMATCHED KEYS") -> OK (none)
A6: 5 | B6: Feb | C6: R1 | D6: Chennai | E6: 2 | F6: 5 | G6: =IFERROR(INDEX(Lookup!$C$2:$C$5,MATCH(C6,Lookup!$A$2:$A$5,0)),"NOT FOUND") -> Express | H6: =MAX(F6-E6,0) -> 3 | I6: =IF(F6>E6,1,0) -> 1 | K6: Total delay days | L6: =SUM(H2:H13) -> 34
A7: 6 | B7: Feb | C7: R2 | D7: Delhi | E7: 3 | F7: 3 | G7: =IFERROR(INDEX(Lookup!$C$2:$C$5,MATCH(C7,Lookup!$A$2:$A$5,0)),"NOT FOUND") -> Express | H7: =MAX(F7-E7,0) -> 0 | I7: =IF(F7>E7,1,0) -> 0
A8: 7 | B8: Feb | C8: R3 | D8: Delhi | E8: 5 | F8: 10 | G8: =IFERROR(INDEX(Lookup!$C$2:$C$5,MATCH(C8,Lookup!$A$2:$A$5,0)),"NOT FOUND") -> Standard | H8: =MAX(F8-E8,0) -> 5 | I8: =IF(F8>E8,1,0) -> 1 | K8: Columns A-F are the 12 unique records (duplicate record_id 12 kept once). G (lookup) and H (delay) are live formulas; I flags actual_days > promised_days.
A9: 8 | B9: Feb | C9: R4 | D9: Chennai | E9: 6 | F9: 7 | G9: =IFERROR(INDEX(Lookup!$C$2:$C$5,MATCH(C9,Lookup!$A$2:$A$5,0)),"NOT FOUND") -> Standard | H9: =MAX(F9-E9,0) -> 1 | I9: =IF(F9>E9,1,0) -> 1
A10: 9 | B10: Mar | C10: R1 | D10: Delhi | E10: 2 | F10: 8 | G10: =IFERROR(INDEX(Lookup!$C$2:$C$5,MATCH(C10,Lookup!$A$2:$A$5,0)),"NOT FOUND") -> Express | H10: =MAX(F10-E10,0) -> 6 | I10: =IF(F10>E10,1,0) -> 1
A11: 10 | B11: Mar | C11: R2 | D11: Mumbai | E11: 3 | F11: 5 | G11: =IFERROR(INDEX(Lookup!$C$2:$C$5,MATCH(C11,Lookup!$A$2:$A$5,0)),"NOT FOUND") -> Express | H11: =MAX(F11-E11,0) -> 2 | I11: =IF(F11>E11,1,0) -> 1
A12: 11 | B12: Mar | C12: R3 | D12: Chennai | E12: 5 | F12: 5 | G12: =IFERROR(INDEX(Lookup!$C$2:$C$5,MATCH(C12,Lookup!$A$2:$A$5,0)),"NOT FOUND") -> Standard | H12: =MAX(F12-E12,0) -> 0 | I12: =IF(F12>E12,1,0) -> 0
A13: 12 | B13: Mar | C13: R4 | D13: Mumbai | E13: 6 | F13: 15 | G13: =IFERROR(INDEX(Lookup!$C$2:$C$5,MATCH(C13,Lookup!$A$2:$A$5,0)),"NOT FOUND") -> Standard | H13: =MAX(F13-E13,0) -> 9 | I13: =IF(F13>E13,1,0) -> 1

Sheet Summary
A1: Delivery Delay Analysis - Summary
A2: All figures are live formulas over the 12 clean records on the Clean sheet.
A4: 1. Delay burden by hub (SUMIFS)
A5: hub | B5: total_delay_days | C5: delivery_count | D5: delayed_count | E5: delay_incidence_rate
A6: Mumbai | B6: =SUMIFS(Clean!$H$2:$H$13,Clean!$D$2:$D$13,A6) -> 15 | C6: =COUNTIFS(Clean!$D$2:$D$13,A6) -> 4 | D6: =SUMIFS(Clean!$I$2:$I$13,Clean!$D$2:$D$13,A6) -> 3 | E6: =IF(C6=0,0,D6/C6) -> 0.75
A7: Delhi | B7: =SUMIFS(Clean!$H$2:$H$13,Clean!$D$2:$D$13,A7) -> 14 | C7: =COUNTIFS(Clean!$D$2:$D$13,A7) -> 4 | D7: =SUMIFS(Clean!$I$2:$I$13,Clean!$D$2:$D$13,A7) -> 3 | E7: =IF(C7=0,0,D7/C7) -> 0.75
A8: Chennai | B8: =SUMIFS(Clean!$H$2:$H$13,Clean!$D$2:$D$13,A8) -> 5 | C8: =COUNTIFS(Clean!$D$2:$D$13,A8) -> 4 | D8: =SUMIFS(Clean!$I$2:$I$13,Clean!$D$2:$D$13,A8) -> 3 | E8: =IF(C8=0,0,D8/C8) -> 0.75
A9: Overall | B9: =SUM(B6:B8) -> 34 | C9: =SUM(C6:C8) -> 12 | D9: =SUM(D6:D8) -> 9 | E9: =IF(C9=0,0,D9/C9) -> 0.75
A10: Rows sorted highest-to-lowest at build time. Overall rate = delayed / total counts (not an average of hub rates).
A12: 2. Total delay days: service_type x month (formula grid; see excel_guide.md for the PivotTable)
A13: service_type | B13: Jan | C13: Feb | D13: Mar | E13: Grand Total
A14: Express | B14: =SUMIFS(Clean!$H$2:$H$13,Clean!$G$2:$G$13,$A14,Clean!$B$2:$B$13,B$13) -> 1 | C14: =SUMIFS(Clean!$H$2:$H$13,Clean!$G$2:$G$13,$A14,Clean!$B$2:$B$13,C$13) -> 3 | D14: =SUMIFS(Clean!$H$2:$H$13,Clean!$G$2:$G$13,$A14,Clean!$B$2:$B$13,D$13) -> 8 | E14: =SUM(B14:D14) -> 12
A15: Standard | B15: =SUMIFS(Clean!$H$2:$H$13,Clean!$G$2:$G$13,$A15,Clean!$B$2:$B$13,B$13) -> 7 | C15: =SUMIFS(Clean!$H$2:$H$13,Clean!$G$2:$G$13,$A15,Clean!$B$2:$B$13,C$13) -> 6 | D15: =SUMIFS(Clean!$H$2:$H$13,Clean!$G$2:$G$13,$A15,Clean!$B$2:$B$13,D$13) -> 9 | E15: =SUM(B15:D15) -> 22
A16: Grand Total | B16: =SUM(B14:B15) -> 8 | C16: =SUM(C14:C15) -> 9 | D16: =SUM(D14:D15) -> 17 | E16: =SUM(E14:E15) -> 34
A18: 3. Service-type comparison
A19: service_type | B19: total_delay_days | C19: delivery_count | D19: delayed_count | E19: delay_incidence_rate
A20: Standard | B20: =SUMIFS(Clean!$H$2:$H$13,Clean!$G$2:$G$13,A20) -> 22 | C20: =COUNTIFS(Clean!$G$2:$G$13,A20) -> 6 | D20: =SUMIFS(Clean!$I$2:$I$13,Clean!$G$2:$G$13,A20) -> 5 | E20: =IF(C20=0,0,D20/C20) -> 0.83333333
A21: Express | B21: =SUMIFS(Clean!$H$2:$H$13,Clean!$G$2:$G$13,A21) -> 12 | C21: =COUNTIFS(Clean!$G$2:$G$13,A21) -> 6 | D21: =SUMIFS(Clean!$I$2:$I$13,Clean!$G$2:$G$13,A21) -> 4 | E21: =IF(C21=0,0,D21/C21) -> 0.66666667
A23: 4. Route contribution
A24: route_id | B24: route | C24: total_delay_days | D24: share_of_total_delay
A25: R4 | B25: =INDEX(Lookup!$B$2:$B$5,MATCH(A25,Lookup!$A$2:$A$5,0)) -> Rural Feeder | C25: =SUMIFS(Clean!$H$2:$H$13,Clean!$C$2:$C$13,A25) -> 14 | D25: =IF($B$9=0,0,C25/$B$9) -> 0.41176471
A26: R1 | B26: =INDEX(Lookup!$B$2:$B$5,MATCH(A26,Lookup!$A$2:$A$5,0)) -> Metro Link | C26: =SUMIFS(Clean!$H$2:$H$13,Clean!$C$2:$C$13,A26) -> 9 | D26: =IF($B$9=0,0,C26/$B$9) -> 0.26470588
A27: R3 | B27: =INDEX(Lookup!$B$2:$B$5,MATCH(A27,Lookup!$A$2:$A$5,0)) -> Highway Freight | C27: =SUMIFS(Clean!$H$2:$H$13,Clean!$C$2:$C$13,A27) -> 8 | D27: =IF($B$9=0,0,C27/$B$9) -> 0.23529412
A28: R2 | B28: =INDEX(Lookup!$B$2:$B$5,MATCH(A28,Lookup!$A$2:$A$5,0)) -> City Dash | C28: =SUMIFS(Clean!$H$2:$H$13,Clean!$C$2:$C$13,A28) -> 3 | D28: =IF($B$9=0,0,C28/$B$9) -> 0.088235294
A29: Routes with total delay > 8 days: | C29: =COUNTIF(C25:C28,">8") -> 2
A31: 5. Internal consistency checks
A32: Hub total = Clean total | D32: =IF(B9=Clean!L6,"OK","CHECK") -> OK
A33: Service x month grand total = Clean total | D33: =IF(E16=Clean!L6,"OK","CHECK") -> OK
A34: Route total = Clean total | D34: =IF(SUM(C25:C28)=Clean!L6,"OK","CHECK") -> OK
A35: Clean rows = 12 and no unmatched routes | D35: =IF(AND(Clean!L2=12,Clean!L5="OK (none)"),"OK","CHECK") -> OK
